{"cameraMode":{"drawMode":0,"name":"Shaded","section":"Shading Mode"},"sceneLighting":true,"audioPlay":false,"sceneViewState":{"m_AlwaysRefresh":false,"showFog":true,"showSkybox":true,"showFlares":true,"showImageEffects":true,"showParticleSystems":true,"showVisualEffectGraphs":true,"m_FxEnabled":true},"in2DMode":false,"pivot":{"x":-1.0389349460601807,"y":-12.672142028808594,"z":32.017398834228519},"rotation":{"x":0.25834590196609499,"y":0.0028933759313076736,"z":-0.0007741276640444994,"w":0.9660570621490479},"size":22.986284255981447,"orthographic":false}